{
    "loss": 0.05814918503165245,
    "accuracy": 0.9751403331756592
}